timestamp,ip,user,status,message
2026-04-30 10:00,10.0.0.50,admin,failed,wrong password
2026-04-30 10:01,10.0.0.50,admin,failed,wrong password
2026-04-30 10:02,10.0.0.50,admin,failed,wrong password
2026-04-30 10:03,10.0.0.50,admin,failed,wrong password
2026-04-30 10:04,10.0.0.50,admin,failed,wrong password
2026-04-30 10:05,10.0.0.50,admin,failed,wrong password
2026-04-30 10:06,192.168.1.10,alice,failed,wrong password
2026-04-30 10:07,192.168.1.10,alice,success,login ok
2026-04-30 10:08,192.168.1.11,bob,success,login ok
